{"loss": 23.30521104812622, "loss_disc": 0.028585267663002015, "avg_loss_gan_gen": -0.005751879340386949, "avg_loss_gan_enc": -0.0007664485373334173, "_step": 480000, "_runtime": 344976, "_timestamp": 1609471457, "eval_ppl": 17.575708125396943, "global_bleu": 4.13, "bleu1": 31.6, "bleu2": 5.9, "bleu3": 2.1, "bleu4": 0.9, "BP": 0.94, "ratio": 0.941, "hyp_len": 91905.0, "ref_len": 97637.0, "distinc1": 3220, "distinc2": 18909}