{"loss": 66.06489181518555, "loss_disc": 0.02505794771015644, "avg_loss_gan_gen": 0.0055200507719928285, "avg_loss_gan_enc": -0.000935739612323232, "_step": 366000, "_runtime": 262703, "_timestamp": 1608957319, "eval_ppl": 393.4070379078581, "global_bleu": 4.09, "bleu1": 31.7, "bleu2": 5.8, "bleu3": 2.1, "bleu4": 1.0, "BP": 0.927, "ratio": 0.929, "hyp_len": 90728.0, "ref_len": 97637.0, "distinc1": 3001, "distinc2": 16591}