{"loss": 65.87206832885742, "loss_disc": 0.0277571595646441, "avg_loss_gan_gen": -0.006902854345098603, "avg_loss_gan_enc": 0.0027842209578591336, "_step": 570000, "_runtime": 64152, "_timestamp": 1609536975, "eval_ppl": 394.2568490647465, "global_bleu": 0.0, "bleu1": 4.0, "bleu2": 0.0, "bleu3": 0.0, "bleu4": 0.0, "BP": 1.0, "ratio": 2.407, "hyp_len": 235008.0, "ref_len": 97637.0, "distinc1": 1, "distinc2": 1}