{"loss": 65.80016258239746, "loss_disc": 0.030360416006296874, "avg_loss_gan_gen": -0.004923848384351004, "avg_loss_gan_enc": -0.0004912386926662293, "_step": 366700, "_runtime": 475, "_timestamp": 1609126418}