{"loss": 65.40522533416748, "loss_disc": 0.0429613838577643, "avg_loss_gan_gen": -0.005135414893738925, "avg_loss_gan_enc": -0.011296806146856398, "_step": 1300, "_runtime": 26043, "_timestamp": 1611545306}